experiment_id,timestamp,search_id,search_name,config_index,total_configs,config_name,seed,position_bins,velocity_bins,action_bins,alpha,gamma,epsilon_start,epsilon_min,epsilon_decay,episodes,max_steps,train_last_100_avg_reward,train_last_100_avg_steps,train_success_rate_last_100,test_episodes,test_success_rate,test_avg_reward,test_std_reward,test_avg_steps,test_std_steps,training_time_seconds,model_path,notes,reward_shaping,shaping_position_weight,shaping_velocity_weight,q_init,explicit_action_values,final_epsilon,train_last_100_avg_env_reward,train_last_100_avg_learning_reward,train_last_100_avg_position,train_last_100_max_position,test_avg_max_position,test_success_count,profile,run_key,completed_at,estimated_total_time_seconds,average_seconds_per_experiment_so_far
01692f6edf66,2026-06-30T23:00:14-03:00,,,,,baseline_simple,10,30,30,7,0.1,0.99,1.0,0.05,0.995,20,999,-43.15833425203996,999.0,0.0,2,0.0,0.0,0.0,999.0,0.0,0.343,models/baseline_simple_01692f6edf66.pkl,Baseline de grilla compacta,,,,,,,,,,,,,,,,,
b9326bfce11d,2026-06-30T23:00:14-03:00,,,,,balanced,20,40,40,9,0.15,0.99,1.0,0.05,0.995,20,999,-40.36531249999999,999.0,0.0,2,0.0,0.0,0.0,999.0,0.0,0.33,models/balanced_b9326bfce11d.pkl,Mayor resolución y alpha,,,,,,,,,,,,,,,,,
d4c2c800866c,2026-06-30T23:00:15-03:00,,,,,fine_grained,30,50,50,11,0.1,0.995,1.0,0.05,0.997,20,999,-39.19440096223957,999.0,0.0,2,0.0,0.0,0.0,999.0,0.0,0.334,models/fine_grained_d4c2c800866c.pkl,Grilla fina y decay más lento,,,,,,,,,,,,,,,,,
58fba62c688c,2026-06-30T23:04:47-03:00,,,,,flow_validation_simple,101,20,20,5,0.1,0.99,1.0,0.05,0.995,3,100,-5.091666666666668,100.0,0.0,2,0.0,-0.6499999999999997,0.6499999999999997,100.0,0.0,0.007,models/q_learning_flow_validation_simple_seed101_58fba62c688c.pkl,Validación corta del flujo simple,,,,,,,,,,,,,,,,,
fc5c7029457d,2026-06-30T23:04:47-03:00,,,,,flow_validation_balanced,102,30,30,7,0.15,0.99,1.0,0.05,0.995,3,100,-4.3185186070424555,100.0,0.0,2,0.0,-0.05,0.05,100.0,0.0,0.005,models/q_learning_flow_validation_balanced_seed102_fc5c7029457d.pkl,Validación corta del flujo balanceado,,,,,,,,,,,,,,,,,
4e361fe6f996,2026-06-30T23:17:17-03:00,f43058237891,validation_short_20260630,1,2,grid_p30_v30_a7_alpha0p1_gamma0p99_decay0p995,101,30,30,7,0.1,0.99,1.0,0.05,0.995,3,100,-4.396296397403436,100.0,0.0,2,0.0,-4.038888900147538,4.038888900147538,100.0,0.0,0.006,models/q_learning_grid_p30_v30_a7_alpha0p1_gamma0p99_decay0p995_seed101_4e361fe6f996.pkl,Validación corta automatizada,,,,,,,,,,,,,,,,,
cb3c25569b28,2026-06-30T23:17:17-03:00,f43058237891,validation_short_20260630,2,2,grid_p30_v30_a9_alpha0p1_gamma0p99_decay0p995,101,30,30,9,0.1,0.99,1.0,0.05,0.995,3,100,-4.252083333333333,100.0,0.0,2,0.0,-4.574999999999993,4.574999999999993,100.0,0.0,0.005,models/q_learning_grid_p30_v30_a9_alpha0p1_gamma0p99_decay0p995_seed101_cb3c25569b28.pkl,Validación corta automatizada,,,,,,,,,,,,,,,,,
fc0541f9a1f5,2026-06-30T23:39:04-03:00,161188b95ef6,qlearning_grid_search_001,1,8,grid_p30_v30_a7_alpha0p1_gamma0p99_decay0p995,42,30,30,7,0.1,0.99,1.0,0.05,0.995,3000,999,-2.205444491260583,999.0,0.0,20,0.0,0.0,0.0,999.0,0.0,63.9,models/q_learning_grid_p30_v30_a7_alpha0p1_gamma0p99_decay0p995_seed42_fc0541f9a1f5.pkl,,,,,,,,,,,,,,,,,,
faa217152d59,2026-06-30T23:40:08-03:00,161188b95ef6,qlearning_grid_search_001,2,8,grid_p30_v30_a9_alpha0p1_gamma0p99_decay0p995,42,30,30,9,0.1,0.99,1.0,0.05,0.995,3000,999,-2.0545625000000003,999.0,0.0,20,0.0,0.0,0.0,999.0,0.0,63.037,models/q_learning_grid_p30_v30_a9_alpha0p1_gamma0p99_decay0p995_seed42_faa217152d59.pkl,,,,,,,,,,,,,,,,,,
34366508e137,2026-06-30T23:41:14-03:00,161188b95ef6,qlearning_grid_search_001,3,8,grid_p30_v40_a7_alpha0p1_gamma0p99_decay0p995,42,30,40,7,0.1,0.99,1.0,0.05,0.995,3000,999,-2.206777824613784,999.0,0.0,20,0.0,0.0,0.0,999.0,0.0,66.264,models/q_learning_grid_p30_v40_a7_alpha0p1_gamma0p99_decay0p995_seed42_34366508e137.pkl,,,,,,,,,,,,,,,,,,
9c8596151e72,2026-06-30T23:42:21-03:00,161188b95ef6,qlearning_grid_search_001,4,8,grid_p30_v40_a9_alpha0p1_gamma0p99_decay0p995,42,30,40,9,0.1,0.99,1.0,0.05,0.995,3000,999,-2.0545625000000003,999.0,0.0,20,0.0,0.0,0.0,999.0,0.0,66.461,models/q_learning_grid_p30_v40_a9_alpha0p1_gamma0p99_decay0p995_seed42_9c8596151e72.pkl,,,,,,,,,,,,,,,,,,
d0cae8c5f543,2026-06-30T23:43:28-03:00,161188b95ef6,qlearning_grid_search_001,5,8,grid_p40_v30_a7_alpha0p1_gamma0p99_decay0p995,42,40,30,7,0.1,0.99,1.0,0.05,0.995,3000,999,-2.205888935731518,999.0,0.0,20,0.0,0.0,0.0,999.0,0.0,66.722,models/q_learning_grid_p40_v30_a7_alpha0p1_gamma0p99_decay0p995_seed42_d0cae8c5f543.pkl,,,,,,,,,,,,,,,,,,
944ca1a8172f,2026-06-30T23:44:35-03:00,161188b95ef6,qlearning_grid_search_001,6,8,grid_p40_v30_a9_alpha0p1_gamma0p99_decay0p995,42,40,30,9,0.1,0.99,1.0,0.05,0.995,3000,999,-2.0555625,999.0,0.0,20,0.0,0.0,0.0,999.0,0.0,66.983,models/q_learning_grid_p40_v30_a9_alpha0p1_gamma0p99_decay0p995_seed42_944ca1a8172f.pkl,,,,,,,,,,,,,,,,,,
b20cfefe4df5,2026-06-30T23:45:42-03:00,161188b95ef6,qlearning_grid_search_001,7,8,grid_p40_v40_a7_alpha0p1_gamma0p99_decay0p995,42,40,40,7,0.1,0.99,1.0,0.05,0.995,3000,999,-2.206777824613784,999.0,0.0,20,0.0,0.0,0.0,999.0,0.0,66.925,models/q_learning_grid_p40_v40_a7_alpha0p1_gamma0p99_decay0p995_seed42_b20cfefe4df5.pkl,,,,,,,,,,,,,,,,,,
9122d962ae5c,2026-06-30T23:49:30-03:00,161188b95ef6,qlearning_grid_search_001,8,8,grid_p40_v40_a9_alpha0p1_gamma0p99_decay0p995,42,40,40,9,0.1,0.99,1.0,0.05,0.995,3000,999,-2.0546875,999.0,0.0,20,0.0,0.0,0.0,999.0,0.0,64.437,models/q_learning_grid_p40_v40_a9_alpha0p1_gamma0p99_decay0p995_seed42_9122d962ae5c.pkl,,,,,,,,,,,,,,,,,,
c08e06f95b8c,2026-07-01T00:55:32-03:00,7bfbc53e6af0,qlearning_grid_search_001,1,2,shaped_long_exploration_10k,42,40,40,11,0.1,0.995,1.0,0.1,0.9995,100,300,-11.712600284725411,300.0,0.0,2,0.0,-4.534000048100946,2.4460000115036915,300.0,0.0,0.783,models/q_learning_shaped_long_exploration_10k_seed42_c08e06f95b8c.pkl,,potential,1.0,0.5,1.0,,0.951217530242334,-11.712600284725411,-12.29974543703354,-0.5237745669241561,-0.09613948315382004,-0.27105045318603516,0,,,,,
3c53bc6614b8,2026-07-01T00:55:33-03:00,7bfbc53e6af0,qlearning_grid_search_001,2,2,shaped_fine_actions_10k,42,50,50,15,0.05,0.995,1.0,0.1,0.9995,100,300,-11.165367664562172,300.0,0.0,2,0.0,-7.58571434808627,7.238775541557322,300.0,0.0,0.785,models/q_learning_shaped_fine_actions_10k_seed42_3c53bc6614b8.pkl,,potential,1.0,0.5,1.0,,0.951217530242334,-11.165367664562172,-11.735292929438659,-0.5226886398892269,-0.11965854465961456,-0.35237687826156616,0,,,,,
76b0fc797957,2026-07-01T00:58:31-03:00,1d93781e8f13,qlearning_manual_shaping_10k_001,1,5,shaped_long_exploration_10k,42,40,40,11,0.1,0.995,1.0,0.1,0.9995,10000,999,92.88355988230946,210.4,100.0,20,100.0,93.96579988880158,0.4752944053979964,191.5,13.599632347971763,138.281,models/q_learning_shaped_long_exploration_10k_seed42_76b0fc797957.pkl,,potential,1.0,0.5,1.0,,0.1,92.88355988230946,92.85561401901148,-0.3438623583977023,0.46071892976760864,0.45402629375457765,20,,,,,
4e3d1439be71,2026-07-01T01:02:39-03:00,1d93781e8f13,qlearning_manual_shaping_10k_001,2,5,shaped_fine_actions_10k,42,50,50,15,0.05,0.995,1.0,0.1,0.9995,10000,999,91.40044877575856,425.39,100.0,20,100.0,91.87346927585955,0.9768571573087629,273.75,42.58623603935901,247.793,models/q_learning_shaped_fine_actions_10k_seed42_4e3d1439be71.pkl,,potential,1.0,0.5,1.0,,0.1,91.40044877575856,90.67004860109229,-0.3720699548060925,0.456714928150177,0.4542376473546028,20,,,,,
ae9d53e19e1f,2026-07-01T01:04:29-03:00,1d93781e8f13,qlearning_manual_shaping_10k_001,3,5,shaped_no_zero_action_10k,42,40,40,8,0.1,0.995,1.0,0.1,0.9995,10000,999,92.78206250000001,171.26,100.0,20,100.0,93.7203125,0.45367369795784857,165.85,14.660405860684758,109.336,models/q_learning_shaped_no_zero_action_10k_seed42_ae9d53e19e1f.pkl,,potential,1.0,0.5,1.0,"[-1.0, -0.75, -0.5, -0.25, 0.25, 0.5, 0.75, 1.0]",0.1,92.78206250000001,92.85792960066854,-0.3493150277664096,0.45968496799468994,0.45435349345207215,20,,,,,
dfce4a062c14,2026-07-01T01:05:41-03:00,1d93781e8f13,qlearning_manual_shaping_10k_001,4,5,optimistic_no_shaping_10k,42,40,40,11,0.1,0.995,1.0,0.1,0.9995,10000,999,94.46479987976552,174.99,100.0,20,100.0,95.82919990916848,0.3793174985572858,164.1,9.705153270299238,72.019,models/q_learning_optimistic_no_shaping_10k_seed42_dfce4a062c14.pkl,,none,1.0,0.5,5.0,,0.1,94.46479987976552,94.46479987976552,-0.3921858716822066,0.46204811334609985,0.451788429915905,20,,,,,
2e85543909ec,2026-07-01T01:09:02-03:00,1d93781e8f13,qlearning_manual_shaping_10k_001,5,5,high_gamma_shaped_10k,42,40,40,11,0.1,0.999,1.0,0.1,0.9997,10000,999,93.82379986684323,287.36,100.0,20,100.0,95.22999989101291,0.9971892619189705,236.45,44.79561920545356,201.042,models/q_learning_high_gamma_shaped_10k_seed42_2e85543909ec.pkl,,potential,1.0,0.5,1.0,,0.1,93.82379986684323,94.23710554190069,-0.39056766008831917,0.45685654878616333,0.4527047112584114,20,,,,,
56ef631a2038,2026-07-01T01:24:08-03:00,86fc9843bc0d,qlearning_overnight_001,1,2,optimistic_q3_a11_gamma995,42,40,40,11,0.1,0.995,1.0,0.1,0.9995,500,999,-32.76232080995918,999.0,0.0,5,0.0,-3.72240012881752,0.40034066122812384,999.0,0.0,8.676,models/q_learning_optimistic_q3_a11_gamma995_seed42_56ef631a2038.pkl,,none,1.0,0.5,3.0,,0.7787520933134615,-32.76232080995918,-32.76232080995918,-0.5228279859525756,0.3282337188720703,-0.2821634277701378,0,overnight,optimistic_q3_a11_gamma995|seed=42|episodes=500|max_steps=999|test=5|params=812106c0364ae747,2026-07-01T01:24:08-03:00,17.521,8.76
2f71fbb3aab6,2026-07-01T01:24:17-03:00,86fc9843bc0d,qlearning_overnight_001,2,2,optimistic_q5_a11_gamma995,42,40,40,11,0.1,0.995,1.0,0.1,0.9995,500,999,-33.323160841985946,999.0,0.0,5,0.0,-8.83280028660293,1.334656601012738,999.0,0.0,8.778,models/q_learning_optimistic_q5_a11_gamma995_seed42_2f71fbb3aab6.pkl,,none,1.0,0.5,5.0,,0.7787520933134615,-33.323160841985946,-33.323160841985946,-0.5207186344459164,0.3945430517196655,0.1972822442650795,0,overnight,optimistic_q5_a11_gamma995|seed=42|episodes=500|max_steps=999|test=5|params=b6a4898644b1f725,2026-07-01T01:24:17-03:00,17.617,8.808
bb1390cebf40,2026-07-01T01:31:50-03:00,6b358d688579,qlearning_overnight_001,1,60,optimistic_q3_a11_gamma995,42,40,40,11,0.1,0.995,1.0,0.1,0.9995,20000,999,92.81111986219764,187.31,100.0,100,100.0,94.72215987469794,0.45363790206595406,154.95,19.23193957977198,123.381,models/q_learning_optimistic_q3_a11_gamma995_seed42_bb1390cebf40.pkl,,none,1.0,0.5,3.0,,0.1,92.81111986219764,92.81111986219764,-0.3474740823522082,0.4605187475681305,0.45441934138536455,100,overnight,optimistic_q3_a11_gamma995|seed=42|episodes=20000|max_steps=999|test=100|params=234cbd68378ef5e5,2026-07-01T01:31:50-03:00,7416.02,123.6
658e02ec77d6,2026-07-01T01:33:46-03:00,6b358d688579,qlearning_overnight_001,2,60,optimistic_q3_a11_gamma995,123,40,40,11,0.1,0.995,1.0,0.1,0.9995,20000,999,93.6455998709619,175.77,100.0,100,100.0,95.06347988941194,0.2864651706713561,150.69,10.106131802029894,115.243,models/q_learning_optimistic_q3_a11_gamma995_seed123_658e02ec77d6.pkl,,none,1.0,0.5,3.0,,0.1,93.6455998709619,93.6455998709619,-0.3603315878335059,0.45936015248298645,0.4529213637113571,100,overnight,optimistic_q3_a11_gamma995|seed=123|episodes=20000|max_steps=999|test=100|params=92b9ea22d4f069c5,2026-07-01T01:33:46-03:00,7171.7,119.528
3a1da624b5d3,2026-07-01T01:35:46-03:00,6b358d688579,qlearning_overnight_001,3,60,optimistic_q3_a11_gamma995,999,40,40,11,0.1,0.995,1.0,0.1,0.9995,20000,999,93.18007986966491,176.46,100.0,100,100.0,94.85371988981247,0.5320322632300573,145.15,12.736855969979404,119.966,models/q_learning_optimistic_q3_a11_gamma995_seed999_3a1da624b5d3.pkl,,none,1.0,0.5,3.0,,0.1,93.18007986966491,93.18007986966491,-0.36433484704740543,0.46157634258270264,0.45497782438993456,100,overnight,optimistic_q3_a11_gamma995|seed=999|episodes=20000|max_steps=999|test=100|params=a806e2550ae68c79,2026-07-01T01:35:46-03:00,7184.575,119.743
2ca4c713532e,2026-07-01T01:37:48-03:00,6b358d688579,qlearning_overnight_001,4,60,optimistic_q3_a11_gamma995,2026,40,40,11,0.1,0.995,1.0,0.1,0.9995,20000,999,92.61655985139849,178.51,100.0,100,100.0,93.74455987761262,0.3312763332637606,159.36,9.588034209367423,122.14,models/q_learning_optimistic_q3_a11_gamma995_seed2026_2ca4c713532e.pkl,,none,1.0,0.5,3.0,,0.1,92.61655985139849,92.61655985139849,-0.3545590119166777,0.45881447196006775,0.45478478878736495,100,overnight,optimistic_q3_a11_gamma995|seed=2026|episodes=20000|max_steps=999|test=100|params=850ed3f8b7f901ae,2026-07-01T01:37:48-03:00,7223.954,120.399
305008e93faa,2026-07-01T01:39:47-03:00,6b358d688579,qlearning_overnight_001,5,60,optimistic_q3_a11_gamma995,777,40,40,11,0.1,0.995,1.0,0.1,0.9995,20000,999,91.7196798608613,197.39,99.0,100,100.0,94.11847989345908,0.5648200620751317,141.7,12.580540528928001,119.017,models/q_learning_optimistic_q3_a11_gamma995_seed777_305008e93faa.pkl,,none,1.0,0.5,3.0,,0.1,91.7196798608613,91.7196798608613,-0.37145833080580054,0.45978832244873047,0.4535596007108688,100,overnight,optimistic_q3_a11_gamma995|seed=777|episodes=20000|max_steps=999|test=100|params=ac7a5e46fa0e530a,2026-07-01T01:39:47-03:00,7209.813,120.164
63ec4e3a8a7d,2026-07-01T01:41:33-03:00,6b358d688579,qlearning_overnight_001,6,60,optimistic_q5_a11_gamma995,42,40,40,11,0.1,0.995,1.0,0.1,0.9995,20000,999,92.52255985179784,192.65,100.0,100,91.0,80.48975985288858,39.523526538373794,231.61,241.61034311469368,105.585,models/q_learning_optimistic_q5_a11_gamma995_seed42_63ec4e3a8a7d.pkl,,none,1.0,0.5,5.0,,0.1,92.52255985179784,92.52255985179784,-0.3863620346424172,0.46243584156036377,0.3648447871208191,91,overnight,optimistic_q5_a11_gamma995|seed=42|episodes=20000|max_steps=999|test=100|params=bf9d9b79de83c8f3,2026-07-01T01:41:33-03:00,7067.263,117.788
1801ddc9dce0,2026-07-01T01:43:18-03:00,6b358d688579,qlearning_overnight_001,7,60,optimistic_q5_a11_gamma995,123,40,40,11,0.1,0.995,1.0,0.1,0.9995,20000,999,93.9265998558581,157.79,100.0,100,100.0,94.17371986134529,0.3445735980925028,149.96,8.048502966390707,104.086,models/q_learning_optimistic_q5_a11_gamma995_seed123_1801ddc9dce0.pkl,,none,1.0,0.5,5.0,,0.1,93.9265998558581,93.9265998558581,-0.3951340629169474,0.4635508954524994,0.45734903901815416,100,overnight,optimistic_q5_a11_gamma995|seed=123|episodes=20000|max_steps=999|test=100|params=a6f04af0df5d2d28,2026-07-01T01:43:18-03:00,6951.691,115.862
3e9517eaa631,2026-07-01T01:45:14-03:00,6b358d688579,qlearning_overnight_001,8,60,optimistic_q5_a11_gamma995,999,40,40,11,0.1,0.995,1.0,0.1,0.9995,20000,999,93.05495986745596,179.09,100.0,100,100.0,93.8542798912299,0.4378691205624368,159.11,16.50145145131179,116.047,models/q_learning_optimistic_q5_a11_gamma995_seed999_3e9517eaa631.pkl,,none,1.0,0.5,5.0,,0.1,93.05495986745596,93.05495986745596,-0.3704365443481823,0.4597722589969635,0.45388178825378417,100,overnight,optimistic_q5_a11_gamma995|seed=999|episodes=20000|max_steps=999|test=100|params=5975bef7c773a8f4,2026-07-01T01:45:14-03:00,6954.76,115.913
40dd3421983a,2026-07-01T01:47:01-03:00,6b358d688579,qlearning_overnight_001,9,60,optimistic_q5_a11_gamma995,2026,40,40,11,0.1,0.995,1.0,0.1,0.9995,20000,999,92.73063987076641,172.93,100.0,100,100.0,93.60939987879992,0.6008682887190103,152.22,12.640870223208527,107.464,models/q_learning_optimistic_q5_a11_gamma995_seed2026_40dd3421983a.pkl,,none,1.0,0.5,5.0,,0.1,92.73063987076641,92.73063987076641,-0.333769264500171,0.4589720070362091,0.45476176172494887,100,overnight,optimistic_q5_a11_gamma995|seed=2026|episodes=20000|max_steps=999|test=100|params=4493177f1283a0a7,2026-07-01T01:47:01-03:00,6899.857,114.998
7517d6a972dc,2026-07-01T01:48:45-03:00,6b358d688579,qlearning_overnight_001,10,60,optimistic_q5_a11_gamma995,777,40,40,11,0.1,0.995,1.0,0.1,0.9995,20000,999,92.81131987142444,154.74,100.0,100,100.0,93.20899989728929,0.41816298208740466,134.77,9.714787697114128,102.896,models/q_learning_optimistic_q5_a11_gamma995_seed777_7517d6a972dc.pkl,,none,1.0,0.5,5.0,,0.1,92.81131987142444,92.81131987142444,-0.36311958113934906,0.4612468183040619,0.4558700686693192,100,overnight,optimistic_q5_a11_gamma995|seed=777|episodes=20000|max_steps=999|test=100|params=c51ee09cab1281b0,2026-07-01T01:48:45-03:00,6828.383,113.806
32c2610a9ebc,2026-07-01T01:50:16-03:00,6b358d688579,qlearning_overnight_001,11,60,optimistic_q10_a11_gamma995,42,40,40,11,0.1,0.995,1.0,0.1,0.9995,20000,999,93.61463983956337,160.99,100.0,100,100.0,94.60759985122084,0.17173049180065128,144.37,8.702476658974732,91.584,models/q_learning_optimistic_q10_a11_gamma995_seed42_32c2610a9ebc.pkl,,none,1.0,0.5,10.0,,0.1,93.61463983956337,93.61463983956337,-0.442075124582817,0.4627745449542999,0.45668666183948514,100,overnight,optimistic_q10_a11_gamma995|seed=42|episodes=20000|max_steps=999|test=100|params=550e57ba84449817,2026-07-01T01:50:16-03:00,6708.264,111.804
a4396102781e,2026-07-01T01:51:50-03:00,6b358d688579,qlearning_overnight_001,12,60,optimistic_q10_a11_gamma995,123,40,40,11,0.1,0.995,1.0,0.1,0.9995,20000,999,93.03695985840797,148.68,100.0,100,100.0,94.0630798754406,0.39831600025461816,127.69,9.346330830866195,93.318,models/q_learning_optimistic_q10_a11_gamma995_seed123_a4396102781e.pkl,,none,1.0,0.5,10.0,,0.1,93.03695985840797,93.03695985840797,-0.3415931972220064,0.4590745270252228,0.4550975066423416,100,overnight,optimistic_q10_a11_gamma995|seed=123|episodes=20000|max_steps=999|test=100|params=c465d94f4a36681d,2026-07-01T01:51:50-03:00,6616.725,110.279
5774ea84713f,2026-07-01T01:53:25-03:00,6b358d688579,qlearning_overnight_001,13,60,optimistic_q10_a11_gamma995,999,40,40,11,0.1,0.995,1.0,0.1,0.9995,20000,999,93.10243987666131,153.67,100.0,100,100.0,93.96643988617421,0.5741054732018526,146.09,12.010074937318251,95.029,models/q_learning_optimistic_q10_a11_gamma995_seed999_5774ea84713f.pkl,,none,1.0,0.5,10.0,,0.1,93.10243987666131,93.10243987666131,-0.40479933161760145,0.46320629119873047,0.4551166698336601,100,overnight,optimistic_q10_a11_gamma995|seed=999|episodes=20000|max_steps=999|test=100|params=9f8d860745227603,2026-07-01T01:53:25-03:00,6547.284,109.121
e66618167511,2026-07-01T01:55:04-03:00,6b358d688579,qlearning_overnight_001,14,60,optimistic_q10_a11_gamma995,2026,40,40,11,0.1,0.995,1.0,0.1,0.9995,20000,999,92.88711984038831,159.94,100.0,100,100.0,93.57075985074879,0.7359553805607276,143.38,14.498124016575387,98.283,models/q_learning_optimistic_q10_a11_gamma995_seed2026_e66618167511.pkl,,none,1.0,0.5,10.0,,0.1,92.88711984038831,92.88711984038831,-0.3955805479904529,0.4607844352722168,0.4552094516158104,100,overnight,optimistic_q10_a11_gamma995|seed=2026|episodes=20000|max_steps=999|test=100|params=57d20b8c552be349,2026-07-01T01:55:04-03:00,6501.693,108.362
d0e6688059be,2026-07-01T01:56:41-03:00,6b358d688579,qlearning_overnight_001,15,60,optimistic_q10_a11_gamma995,777,40,40,11,0.1,0.995,1.0,0.1,0.9995,20000,999,93.15723982955576,174.74,100.0,100,100.0,94.66451983792066,0.2124287417344803,155.67,6.835283461569095,97.353,models/q_learning_optimistic_q10_a11_gamma995_seed777_d0e6688059be.pkl,,none,1.0,0.5,10.0,,0.1,93.15723982955576,93.15723982955576,-0.3560700265146647,0.46308043599128723,0.45714181423187256,100,overnight,optimistic_q10_a11_gamma995|seed=777|episodes=20000|max_steps=999|test=100|params=14da72028110d318,2026-07-01T01:56:41-03:00,6458.528,107.642
1b22abcf9d10,2026-07-01T01:58:33-03:00,6b358d688579,qlearning_overnight_001,16,60,optimistic_q5_a15_gamma995,42,40,40,15,0.1,0.995,1.0,0.1,0.9995,20000,999,94.10795902672653,161.86,100.0,100,100.0,94.61987740895457,0.5047023825355018,151.5,8.673522929006413,112.192,models/q_learning_optimistic_q5_a15_gamma995_seed42_1b22abcf9d10.pkl,,none,1.0,0.5,5.0,,0.1,94.10795902672653,94.10795902672653,-0.41860897201084585,0.4634638726711273,0.45776315867900846,100,overnight,optimistic_q5_a15_gamma995|seed=42|episodes=20000|max_steps=999|test=100|params=0a464065c0b16624,2026-07-01T01:58:33-03:00,6476.386,107.94
d2ecc55cf99a,2026-07-01T02:00:29-03:00,6b358d688579,qlearning_overnight_001,17,60,optimistic_q5_a15_gamma995,123,40,40,15,0.1,0.995,1.0,0.1,0.9995,20000,999,93.3632243305609,170.01,100.0,100,100.0,94.61867332939408,0.2894073919630366,144.17,14.694253979021868,115.182,models/q_learning_optimistic_q5_a15_gamma995_seed123_d2ecc55cf99a.pkl,,none,1.0,0.5,5.0,,0.1,93.3632243305609,93.3632243305609,-0.36134993677879884,0.460324764251709,0.45496113717555997,100,overnight,optimistic_q5_a15_gamma995|seed=123|episodes=20000|max_steps=999|test=100|params=6dc8820ee626b632,2026-07-01T02:00:29-03:00,6502.649,108.377
64fc6d50122c,2026-07-01T02:02:33-03:00,6b358d688579,qlearning_overnight_001,18,60,optimistic_q5_a15_gamma995,999,40,40,15,0.1,0.995,1.0,0.1,0.9995,20000,999,91.95781611226532,234.18,100.0,100,100.0,92.30869368343816,0.38769201380455726,234.0,9.594790253048787,124.117,models/q_learning_optimistic_q5_a15_gamma995_seed999_64fc6d50122c.pkl,,none,1.0,0.5,5.0,,0.1,91.95781611226532,91.95781611226532,-0.3752411015934992,0.4603736996650696,0.4566134810447693,100,overnight,optimistic_q5_a15_gamma995|seed=999|episodes=20000|max_steps=999|test=100|params=1681da582b0f0f7a,2026-07-01T02:02:33-03:00,6556.193,109.27
8885fe26dd21,2026-07-01T02:04:41-03:00,6b358d688579,qlearning_overnight_001,19,60,optimistic_q5_a15_gamma995,2026,40,40,15,0.1,0.995,1.0,0.1,0.9995,20000,999,90.34783653126142,243.0,100.0,100,100.0,94.38565292254457,0.42582585220626407,157.5,9.999499987499375,127.741,models/q_learning_optimistic_q5_a15_gamma995_seed2026_8885fe26dd21.pkl,,none,1.0,0.5,5.0,,0.1,90.34783653126142,90.34783653126142,-0.31922143803408953,0.46098577976226807,0.45574271976947783,100,overnight,optimistic_q5_a15_gamma995|seed=2026|episodes=20000|max_steps=999|test=100|params=e4378361f9d6b9c6,2026-07-01T02:04:41-03:00,6615.215,110.254
e54a7e7e394a,2026-07-01T02:06:35-03:00,6b358d688579,qlearning_overnight_001,20,60,optimistic_q5_a15_gamma995,777,40,40,15,0.1,0.995,1.0,0.1,0.9995,20000,999,93.1718161745479,176.69,100.0,100,100.0,94.33573456293648,0.8486713836695993,150.52,15.251544184114604,113.224,models/q_learning_optimistic_q5_a15_gamma995_seed777_e54a7e7e394a.pkl,,none,1.0,0.5,5.0,,0.1,93.1718161745479,93.1718161745479,-0.34761272264395193,0.4618874788284302,0.4531241875886917,100,overnight,optimistic_q5_a15_gamma995|seed=777|episodes=20000|max_steps=999|test=100|params=c65b81a0f36f392f,2026-07-01T02:06:35-03:00,6624.758,110.413
139737b58e2e,2026-07-01T02:08:38-03:00,6b358d688579,qlearning_overnight_001,21,60,optimistic_q5_fine_50x50,42,50,50,15,0.1,0.995,1.0,0.1,0.9995,20000,999,94.0906732929501,190.48,100.0,100,100.0,94.86999983613832,0.3378219303878425,170.86,7.329420168062409,123.419,models/q_learning_optimistic_q5_fine_50x50_seed42_139737b58e2e.pkl,,none,1.0,0.5,5.0,,0.1,94.0906732929501,94.0906732929501,-0.399218715392034,0.4635147154331207,0.4531217387318611,100,overnight,optimistic_q5_fine_50x50|seed=42|episodes=20000|max_steps=999|test=100|params=158714d3560796cf,2026-07-01T02:08:38-03:00,6662.596,111.043
130cd14f79d1,2026-07-01T02:10:47-03:00,6b358d688579,qlearning_overnight_001,22,60,optimistic_q5_fine_50x50,123,50,50,15,0.1,0.995,1.0,0.1,0.9995,20000,999,92.50648960143815,203.32,100.0,100,100.0,93.62489777437888,0.31005246138029285,177.99,7.622984979652,128.969,models/q_learning_optimistic_q5_fine_50x50_seed123_130cd14f79d1.pkl,,none,1.0,0.5,5.0,,0.1,92.50648960143815,92.50648960143815,-0.3579031944719054,0.46073025465011597,0.455021578669548,100,overnight,optimistic_q5_fine_50x50|seed=123|episodes=20000|max_steps=999|test=100|params=4a0be0dddc0ab690,2026-07-01T02:10:47-03:00,6712.16,111.869
df01e06274fb,2026-07-01T02:12:59-03:00,6b358d688579,qlearning_overnight_001,23,60,optimistic_q5_fine_50x50,999,50,50,15,0.1,0.995,1.0,0.1,0.9995,20000,999,92.55859162242803,219.26,100.0,100,100.0,93.79130594331757,0.31732897710924945,177.87,8.343446530061783,131.519,models/q_learning_optimistic_q5_fine_50x50_seed999_df01e06274fb.pkl,,none,1.0,0.5,5.0,,0.1,92.55859162242803,92.55859162242803,-0.33664813208839817,0.4580446183681488,0.4571070468425751,100,overnight,optimistic_q5_fine_50x50|seed=999|episodes=20000|max_steps=999|test=100|params=9ccf4d68996afd08,2026-07-01T02:12:59-03:00,6764.063,112.734
857c4ef09063,2026-07-01T02:15:05-03:00,6b358d688579,qlearning_overnight_001,24,60,optimistic_q5_fine_50x50,2026,50,50,15,0.1,0.995,1.0,0.1,0.9995,20000,999,93.76053044989523,186.8,100.0,100,100.0,94.45844882228423,0.31161715803863455,171.31,6.668875467423275,125.772,models/q_learning_optimistic_q5_fine_50x50_seed2026_857c4ef09063.pkl,,none,1.0,0.5,5.0,,0.1,93.76053044989523,93.76053044989523,-0.3874210008487118,0.46036791801452637,0.4573067855834961,100,overnight,optimistic_q5_fine_50x50|seed=2026|episodes=20000|max_steps=999|test=100|params=5ae9b56d7bd5bf78,2026-07-01T02:15:05-03:00,6797.25,113.288
63bf1e1624e5,2026-07-01T02:17:12-03:00,6b358d688579,qlearning_overnight_001,25,60,optimistic_q5_fine_50x50,777,50,50,15,0.1,0.995,1.0,0.1,0.9995,20000,999,93.59593860527387,181.14,100.0,100,100.0,94.85891820267331,0.33045620960568667,170.47,4.63994612037683,126.739,models/q_learning_optimistic_q5_fine_50x50_seed777_63bf1e1624e5.pkl,,none,1.0,0.5,5.0,,0.1,93.59593860527387,93.59593860527387,-0.38427987317715634,0.4579198658466339,0.45393154978752137,100,overnight,optimistic_q5_fine_50x50|seed=777|episodes=20000|max_steps=999|test=100|params=7f47adfb669a97f9,2026-07-01T02:17:12-03:00,6830.102,113.835
1e65ac1e6ccd,2026-07-01T02:20:25-03:00,6b358d688579,qlearning_overnight_001,26,60,shaped_q1_a11_gamma995,42,40,40,11,0.1,0.995,1.0,0.1,0.9995,20000,999,93.6214398759699,181.08,100.0,100,100.0,94.28299988337159,0.24018751583301354,163.62,18.555743046291624,192.639,models/q_learning_shaped_q1_a11_gamma995_seed42_1e65ac1e6ccd.pkl,,potential,1.0,0.5,1.0,,0.1,93.6214398759699,93.68783588690285,-0.3578339310203663,0.4632296860218048,0.4575748300552368,100,overnight,shaped_q1_a11_gamma995|seed=42|episodes=20000|max_steps=999|test=100|params=3595e4dd0baf580a,2026-07-01T02:20:25-03:00,7012.481,116.875
9a179f651db1,2026-07-01T02:23:50-03:00,6b358d688579,qlearning_overnight_001,27,60,shaped_q1_a11_gamma995,123,40,40,11,0.1,0.995,1.0,0.1,0.9995,20000,999,92.79959986593725,231.81,100.0,100,100.0,93.15043990133168,0.35187902626490203,181.45,30.609598167894983,205.04,models/q_learning_shaped_q1_a11_gamma995_seed123_9a179f651db1.pkl,,potential,1.0,0.5,1.0,,0.1,92.79959986593725,92.72532246400155,-0.37849750108852637,0.461725115776062,0.4534526202082634,100,overnight,shaped_q1_a11_gamma995|seed=123|episodes=20000|max_steps=999|test=100|params=c5e6c098297e222f,2026-07-01T02:23:50-03:00,7208.966,120.149
89dccb1d8996,2026-07-01T02:27:10-03:00,6b358d688579,qlearning_overnight_001,28,60,shaped_q1_a11_gamma995,999,40,40,11,0.1,0.995,1.0,0.1,0.9995,20000,999,93.2210798650694,220.58,100.0,100,100.0,94.8712798985076,0.4347061240907981,168.58,19.705928042089262,199.742,models/q_learning_shaped_q1_a11_gamma995_seed999_89dccb1d8996.pkl,,potential,1.0,0.5,1.0,,0.1,93.2210798650694,93.13561940135766,-0.3625308380971265,0.46006128191947937,0.4543741425871849,100,overnight,shaped_q1_a11_gamma995|seed=999|episodes=20000|max_steps=999|test=100|params=b5fae669d328000a,2026-07-01T02:27:10-03:00,7380.026,123.0
99512dc4ed91,2026-07-01T02:30:29-03:00,6b358d688579,qlearning_overnight_001,29,60,shaped_q1_a11_gamma995,2026,40,40,11,0.1,0.995,1.0,0.1,0.9995,20000,999,93.33639983900787,214.09,100.0,100,100.0,95.21099985886218,0.3182453849872937,159.53,17.41117744438899,198.799,models/q_learning_shaped_q1_a11_gamma995_seed2026_99512dc4ed91.pkl,,potential,1.0,0.5,1.0,,0.1,93.33639983900787,93.28050202933944,-0.36272010197019305,0.46056440472602844,0.45535924792289734,100,overnight,shaped_q1_a11_gamma995|seed=2026|episodes=20000|max_steps=999|test=100|params=0059439d83ee5170,2026-07-01T02:30:29-03:00,7537.316,125.622
29721ac9f3f4,2026-07-01T02:34:02-03:00,6b358d688579,qlearning_overnight_001,30,60,shaped_q1_a11_gamma995,777,40,40,11,0.1,0.995,1.0,0.1,0.9995,20000,999,90.32599983558657,237.02,100.0,100,100.0,93.11823989243865,0.43777887989072795,161.78,10.4580877793218,211.909,models/q_learning_shaped_q1_a11_gamma995_seed777_29721ac9f3f4.pkl,,potential,1.0,0.5,1.0,,0.1,90.32599983558657,90.17000094763458,-0.3163672044688596,0.4592902958393097,0.45550330966711045,100,overnight,shaped_q1_a11_gamma995|seed=777|episodes=20000|max_steps=999|test=100|params=33dee960cc8affc0,2026-07-01T02:34:02-03:00,7710.342,128.506
436d5917158e,2026-07-01T02:39:35-03:00,6b358d688579,qlearning_overnight_001,31,60,shaped_q1_a15_gamma995,42,50,50,15,0.05,0.995,1.0,0.1,0.9995,20000,999,93.55561206479341,299.98,100.0,100,100.0,95.56171413321154,0.39881031162946246,251.58,42.431870097840374,333.224,models/q_learning_shaped_q1_a15_gamma995_seed42_436d5917158e.pkl,,potential,1.0,0.5,1.0,,0.1,93.55561206479341,93.23685025499417,-0.379726983634139,0.4575602412223816,0.45630992233753204,100,overnight,shaped_q1_a15_gamma995|seed=42|episodes=20000|max_steps=999|test=100|params=89b13f4476be52a2,2026-07-01T02:39:35-03:00,8107.245,135.121
87b2093eed29,2026-07-01T02:45:24-03:00,6b358d688579,qlearning_overnight_001,32,60,shaped_q1_a15_gamma995,123,50,50,15,0.05,0.995,1.0,0.1,0.9995,20000,999,92.88342840574896,336.16,100.0,100,100.0,94.77193864155606,0.2601963753384518,281.08,16.424786147770693,348.18,models/q_learning_shaped_q1_a15_gamma995_seed123_87b2093eed29.pkl,,potential,1.0,0.5,1.0,,0.1,92.88342840574896,92.49073025975423,-0.4041059329457082,0.46005779504776,0.4539487984776497,100,overnight,shaped_q1_a15_gamma995|seed=123|episodes=20000|max_steps=999|test=100|params=7518f0b9fd4b60ea,2026-07-01T02:45:24-03:00,8507.456,141.791
571e7c2c3f07,2026-07-01T02:51:33-03:00,6b358d688579,qlearning_overnight_001,33,60,shaped_q1_a15_gamma995,999,50,50,15,0.05,0.995,1.0,0.1,0.9995,20000,999,92.25685694314754,369.39,100.0,100,100.0,95.08079576597409,0.20353111756237793,307.68,26.457845717291498,368.768,models/q_learning_shaped_q1_a15_gamma995_seed999_571e7c2c3f07.pkl,,potential,1.0,0.5,1.0,,0.1,92.25685694314754,91.71627737275313,-0.37497664236920286,0.4557504653930664,0.4502778998017311,100,overnight,shaped_q1_a15_gamma995|seed=999|episodes=20000|max_steps=999|test=100|params=dcdb13ec070bd3f9,2026-07-01T02:51:33-03:00,8920.909,148.682
e1225f44c3c4,2026-07-01T02:57:31-03:00,6b358d688579,qlearning_overnight_001,34,60,shaped_q1_a15_gamma995,2026,50,50,15,0.05,0.995,1.0,0.1,0.9995,20000,999,92.09820389752366,368.62,100.0,100,100.0,95.00718354350937,0.517414474888771,291.48,22.86721670864209,357.316,models/q_learning_shaped_q1_a15_gamma995_seed2026_e1225f44c3c4.pkl,,potential,1.0,0.5,1.0,,0.1,92.09820389752366,91.55326073307953,-0.37717098174247615,0.457241415977478,0.4562765789031982,100,overnight,shaped_q1_a15_gamma995|seed=2026|episodes=20000|max_steps=999|test=100|params=1d3adbc2adb283ca,2026-07-01T02:57:31-03:00,9289.796,154.83
674c10e65680,2026-07-01T03:02:51-03:00,6b358d688579,qlearning_overnight_001,35,60,shaped_q1_a15_gamma995,777,50,50,15,0.05,0.995,1.0,0.1,0.9995,20000,999,94.09181616704622,307.93,100.0,100,100.0,95.47212232580478,1.122659092943683,242.4,36.61475112574166,320.25,models/q_learning_shaped_q1_a15_gamma995_seed777_674c10e65680.pkl,,potential,1.0,0.5,1.0,,0.1,94.09181616704622,93.78805038009588,-0.4107636288089295,0.45890894532203674,0.4537126734852791,100,overnight,shaped_q1_a15_gamma995|seed=777|episodes=20000|max_steps=999|test=100|params=a6fd4a9cb55383db,2026-07-01T03:02:51-03:00,9573.945,159.566
90333ff96488,2026-07-01T03:07:25-03:00,6b358d688579,qlearning_overnight_001,36,60,shaped_high_gamma,42,40,40,11,0.1,0.999,1.0,0.1,0.9997,20000,999,93.15887986169577,266.25,100.0,100,100.0,94.87675989343762,0.46280976098273124,197.91,23.148691107706284,273.649,models/q_learning_shaped_high_gamma_seed42_90333ff96488.pkl,,potential,1.0,0.5,1.0,,0.1,93.15887986169577,93.5718068038926,-0.3789106813102056,0.4561694264411926,0.4530433934926987,100,overnight,shaped_high_gamma|seed=42|episodes=20000|max_steps=999|test=100|params=828675a505918b2e,2026-07-01T03:07:25-03:00,9764.541,162.742
83cf7a5d6903,2026-07-01T03:12:05-03:00,6b358d688579,qlearning_overnight_001,37,60,shaped_high_gamma,123,40,40,11,0.1,0.999,1.0,0.1,0.9997,20000,999,93.49503988073826,225.09,100.0,100,100.0,94.85447990126133,0.3271040321807883,194.89,19.727085441088352,279.764,models/q_learning_shaped_high_gamma_seed123_83cf7a5d6903.pkl,,potential,1.0,0.5,1.0,,0.1,93.49503988073826,93.92519377401355,-0.34154397368801814,0.4571312665939331,0.4529371520876884,100,overnight,shaped_high_gamma|seed=123|episodes=20000|max_steps=999|test=100|params=1efd185252c6572f,2026-07-01T03:12:05-03:00,9954.739,165.912
f94eada3b680,2026-07-01T03:16:21-03:00,6b358d688579,qlearning_overnight_001,38,60,shaped_high_gamma,999,40,40,11,0.1,0.999,1.0,0.1,0.9997,20000,999,92.58091988998534,225.59,100.0,100,100.0,94.30783990025878,0.25140177826287824,178.22,13.461485802094804,254.942,models/q_learning_shaped_high_gamma_seed999_f94eada3b680.pkl,,potential,1.0,0.5,1.0,,0.1,92.58091988998534,93.02690489275433,-0.33913668232088967,0.4588465988636017,0.45320684850215914,100,overnight,shaped_high_gamma|seed=999|episodes=20000|max_steps=999|test=100|params=c2ea1a4c49cb1376,2026-07-01T03:16:21-03:00,10095.701,168.262
63715c98ff1c,2026-07-01T03:20:47-03:00,6b358d688579,qlearning_overnight_001,39,60,shaped_high_gamma,2026,40,40,11,0.1,0.999,1.0,0.1,0.9997,20000,999,93.87935989287735,222.96,100.0,100,100.0,95.13443992322445,0.28299364885566847,175.26,12.186566374496142,266.534,models/q_learning_shaped_high_gamma_seed2026_63715c98ff1c.pkl,,potential,1.0,0.5,1.0,,0.1,93.87935989287735,94.3129526963391,-0.3579083852133559,0.45712271332740784,0.451890159547329,100,overnight,shaped_high_gamma|seed=2026|episodes=20000|max_steps=999|test=100|params=bd331c04cefdb5d3,2026-07-01T03:20:47-03:00,10247.264,170.788
f7468fbfd1d9,2026-07-01T03:25:14-03:00,6b358d688579,qlearning_overnight_001,40,60,shaped_high_gamma,777,40,40,11,0.1,0.999,1.0,0.1,0.9997,20000,999,93.78139986003042,207.05,100.0,100,100.0,95.47243985200286,0.6708788113797984,181.25,6.779933627993714,266.844,models/q_learning_shaped_high_gamma_seed777_f7468fbfd1d9.pkl,,potential,1.0,0.5,1.0,,0.1,93.78139986003042,94.2282716154636,-0.35581695385909895,0.45713010430336,0.45320392936468124,100,overnight,shaped_high_gamma|seed=777|episodes=20000|max_steps=999|test=100|params=acd1aee93fe3aa6b,2026-07-01T03:25:14-03:00,10391.728,173.195
7c06f35b4df4,2026-07-01T03:27:50-03:00,6b358d688579,qlearning_overnight_001,41,60,no_zero_q1_shaped,42,40,40,8,0.1,0.995,1.0,0.1,0.9995,20000,999,91.87575000000001,177.15,100.0,100,100.0,93.5505625,0.3644388826933117,136.91,10.890449944791078,155.158,models/q_learning_no_zero_q1_shaped_seed42_7c06f35b4df4.pkl,,potential,1.0,0.5,1.0,"[-1.0, -0.75, -0.5, -0.25, 0.25, 0.5, 0.75, 1.0]",0.1,91.87575000000001,91.92885430446867,-0.31090877739657496,0.4620239734649658,0.45559028327465056,100,overnight,no_zero_q1_shaped|seed=42|episodes=20000|max_steps=999|test=100|params=f705bb14bd30dffd,2026-07-01T03:27:50-03:00,10365.614,172.76
d972d1041914,2026-07-01T03:30:34-03:00,6b358d688579,qlearning_overnight_001,42,60,no_zero_q1_shaped,123,40,40,8,0.1,0.995,1.0,0.1,0.9995,20000,999,92.834,166.43,100.0,100,100.0,94.08868749999999,0.4811758830913603,149.93,12.266421646103643,164.261,models/q_learning_no_zero_q1_shaped_seed123_d972d1041914.pkl,,potential,1.0,0.5,1.0,"[-1.0, -0.75, -0.5, -0.25, 0.25, 0.5, 0.75, 1.0]",0.1,92.834,92.92079143749721,-0.33495491422107804,0.45992884039878845,0.4542323023080826,100,overnight,no_zero_q1_shaped|seed=123|episodes=20000|max_steps=999|test=100|params=267beb5491cf0159,2026-07-01T03:30:34-03:00,10353.772,172.563
9e828a9480e9,2026-07-01T03:33:09-03:00,6b358d688579,qlearning_overnight_001,43,60,no_zero_q1_shaped,999,40,40,8,0.1,0.995,1.0,0.1,0.9995,20000,999,93.26025,161.0,100.0,100,100.0,94.48693749999998,0.28615322463454584,150.76,9.005687092054664,154.652,models/q_learning_no_zero_q1_shaped_seed999_9e828a9480e9.pkl,,potential,1.0,0.5,1.0,"[-1.0, -0.75, -0.5, -0.25, 0.25, 0.5, 0.75, 1.0]",0.1,93.26025,93.36571240224892,-0.3635320505084571,0.459879070520401,0.45441148966550826,100,overnight,no_zero_q1_shaped|seed=999|episodes=20000|max_steps=999|test=100|params=2b121ae883d3da28,2026-07-01T03:33:09-03:00,10329.075,172.151
ee3f70b1fac5,2026-07-01T03:35:39-03:00,6b358d688579,qlearning_overnight_001,44,60,no_zero_q1_shaped,2026,40,40,8,0.1,0.995,1.0,0.1,0.9995,20000,999,91.59862500000001,175.28,100.0,100,100.0,92.92981250000001,0.8228854791031062,143.87,21.285044045056612,149.501,models/q_learning_no_zero_q1_shaped_seed2026_ee3f70b1fac5.pkl,,potential,1.0,0.5,1.0,"[-1.0, -0.75, -0.5, -0.25, 0.25, 0.5, 0.75, 1.0]",0.1,91.59862500000001,91.65634915360448,-0.33751579964862705,0.46021518111228943,0.45491144120693205,100,overnight,no_zero_q1_shaped|seed=2026|episodes=20000|max_steps=999|test=100|params=59be948790a4b7d6,2026-07-01T03:35:39-03:00,10298.463,171.641
dfc0726c4b47,2026-07-01T03:38:13-03:00,6b358d688579,qlearning_overnight_001,45,60,no_zero_q1_shaped,777,40,40,8,0.1,0.995,1.0,0.1,0.9995,20000,999,93.05068750000001,170.82,100.0,100,100.0,93.13293749999998,0.3701391788486462,161.27,18.960936158322987,154.04,models/q_learning_no_zero_q1_shaped_seed777_dfc0726c4b47.pkl,,potential,1.0,0.5,1.0,"[-1.0, -0.75, -0.5, -0.25, 0.25, 0.5, 0.75, 1.0]",0.1,93.05068750000001,93.12871919032858,-0.3546864361713877,0.46113598346710205,0.4543205338716507,100,overnight,no_zero_q1_shaped|seed=777|episodes=20000|max_steps=999|test=100|params=d9f66610969cecf5,2026-07-01T03:38:13-03:00,10275.294,171.255
fc0beda56f37,2026-07-01T03:39:46-03:00,6b358d688579,qlearning_overnight_001,46,60,no_zero_q5_no_shaping,42,40,40,8,0.1,0.995,1.0,0.1,0.9995,20000,999,92.23725,146.29,100.0,100,100.0,93.73281249999998,0.5015190791173839,129.77,11.616242938230931,92.875,models/q_learning_no_zero_q5_no_shaping_seed42_fc0beda56f37.pkl,,none,1.0,0.5,5.0,"[-1.0, -0.75, -0.5, -0.25, 0.25, 0.5, 0.75, 1.0]",0.1,92.23725,92.23725,-0.3210045460968732,0.4628434479236603,0.456515839099884,100,overnight,no_zero_q5_no_shaping|seed=42|episodes=20000|max_steps=999|test=100|params=17346a9b601abf69,2026-07-01T03:39:46-03:00,10173.297,169.555
0b435e1de15b,2026-07-01T03:41:23-03:00,6b358d688579,qlearning_overnight_001,47,60,no_zero_q5_no_shaping,123,40,40,8,0.1,0.995,1.0,0.1,0.9995,20000,999,92.683375,153.61,100.0,100,100.0,93.5780625,0.436815978666933,138.15,9.82585874109739,97.173,models/q_learning_no_zero_q5_no_shaping_seed123_0b435e1de15b.pkl,,none,1.0,0.5,5.0,"[-1.0, -0.75, -0.5, -0.25, 0.25, 0.5, 0.75, 1.0]",0.1,92.683375,92.683375,-0.39398735017409386,0.46323052048683167,0.45637049943208696,100,overnight,no_zero_q5_no_shaping|seed=123|episodes=20000|max_steps=999|test=100|params=d8b9badacc16a8f8,2026-07-01T03:41:23-03:00,10081.14,168.019
f054f7e1ce4d,2026-07-01T03:42:57-03:00,6b358d688579,qlearning_overnight_001,48,60,no_zero_q5_no_shaping,999,40,40,8,0.1,0.995,1.0,0.1,0.9995,20000,999,93.01056249999999,153.12,100.0,100,100.0,93.65606249999999,0.33454312945978915,145.45,5.877712139940165,93.63,models/q_learning_no_zero_q5_no_shaping_seed999_f054f7e1ce4d.pkl,,none,1.0,0.5,5.0,"[-1.0, -0.75, -0.5, -0.25, 0.25, 0.5, 0.75, 1.0]",0.1,93.01056249999999,93.01056249999999,-0.3895967175012732,0.4632471203804016,0.45576333194971086,100,overnight,no_zero_q5_no_shaping|seed=999|episodes=20000|max_steps=999|test=100|params=408f05b63dcd077d,2026-07-01T03:42:57-03:00,9988.407,166.473
af1be88b46dd,2026-07-01T03:44:30-03:00,6b358d688579,qlearning_overnight_001,49,60,no_zero_q5_no_shaping,2026,40,40,8,0.1,0.995,1.0,0.1,0.9995,20000,999,92.33918750000001,159.39,100.0,100,100.0,93.50568750000001,0.6595192940458605,128.08,14.60252033040872,92.411,models/q_learning_no_zero_q5_no_shaping_seed2026_af1be88b46dd.pkl,,none,1.0,0.5,5.0,"[-1.0, -0.75, -0.5, -0.25, 0.25, 0.5, 0.75, 1.0]",0.1,92.33918750000001,92.33918750000001,-0.3806547502004969,0.4639871120452881,0.45558791399002074,100,overnight,no_zero_q5_no_shaping|seed=2026|episodes=20000|max_steps=999|test=100|params=c7d5b769484a729c,2026-07-01T03:44:30-03:00,9897.937,164.966
12a815819147,2026-07-01T03:46:02-03:00,6b358d688579,qlearning_overnight_001,50,60,no_zero_q5_no_shaping,777,40,40,8,0.1,0.995,1.0,0.1,0.9995,20000,999,92.74118750000001,155.44,100.0,100,100.0,92.97843750000001,0.3093584275864335,150.6,9.781615408509987,92.18,models/q_learning_no_zero_q5_no_shaping_seed777_12a815819147.pkl,,none,1.0,0.5,5.0,"[-1.0, -0.75, -0.5, -0.25, 0.25, 0.5, 0.75, 1.0]",0.1,92.74118750000001,92.74118750000001,-0.37684477302594493,0.4619440734386444,0.45487604588270186,100,overnight,no_zero_q5_no_shaping|seed=777|episodes=20000|max_steps=999|test=100|params=2498b26ebf541a07,2026-07-01T03:46:02-03:00,9810.845,163.514
3d331e9219bb,2026-07-01T03:48:12-03:00,6b358d688579,qlearning_overnight_001,51,60,optimistic_alpha005,42,40,40,11,0.05,0.995,1.0,0.1,0.9995,20000,999,93.96399986748696,199.05,100.0,100,100.0,95.2963598840797,0.33967566705441077,178.71,4.008229035372105,129.62,models/q_learning_optimistic_alpha005_seed42_3d331e9219bb.pkl,,none,1.0,0.5,5.0,,0.1,93.96399986748696,93.96399986748696,-0.4131752765580598,0.4616333544254303,0.4553521937131882,100,overnight,optimistic_alpha005|seed=42|episodes=20000|max_steps=999|test=100|params=20e7733c3baeee30,2026-07-01T03:48:12-03:00,9771.261,162.854
4eb157a7aac7,2026-07-01T03:50:21-03:00,6b358d688579,qlearning_overnight_001,52,60,optimistic_alpha005,123,40,40,11,0.05,0.995,1.0,0.1,0.9995,20000,999,94.1495998582423,201.51,100.0,100,100.0,94.5171198849547,0.36655545819565255,185.92,10.786732591475511,128.523,models/q_learning_optimistic_alpha005_seed123_4eb157a7aac7.pkl,,none,1.0,0.5,5.0,,0.1,94.1495998582423,94.1495998582423,-0.39907833004734805,0.46200332045555115,0.4599965825676918,100,overnight,optimistic_alpha005|seed=123|episodes=20000|max_steps=999|test=100|params=2d25d04dd5463d2d,2026-07-01T03:50:21-03:00,9731.944,162.199
9d1b184121aa,2026-07-01T03:52:40-03:00,6b358d688579,qlearning_overnight_001,53,60,optimistic_alpha005,999,40,40,11,0.05,0.995,1.0,0.1,0.9995,20000,999,93.04951986826539,205.03,100.0,100,100.0,94.30403987234592,0.23520986117367973,185.99,6.717879129606308,138.951,models/q_learning_optimistic_alpha005_seed999_9d1b184121aa.pkl,,none,1.0,0.5,5.0,,0.1,93.04951986826539,93.04951986826539,-0.3574531195779279,0.4568607211112976,0.4533689904212952,100,overnight,optimistic_alpha005|seed=999|episodes=20000|max_steps=999|test=100|params=1827292c80453540,2026-07-01T03:52:40-03:00,9705.917,161.765
9b4369de62f1,2026-07-01T03:54:53-03:00,6b358d688579,qlearning_overnight_001,54,60,optimistic_alpha005,2026,40,40,11,0.05,0.995,1.0,0.1,0.9995,20000,999,94.50367988017916,200.21,100.0,100,100.0,95.0251599013114,0.5858003241874224,184.86,22.9368786019371,132.577,models/q_learning_optimistic_alpha005_seed2026_9b4369de62f1.pkl,,none,1.0,0.5,5.0,,0.1,94.50367988017916,94.50367988017916,-0.40145019451153097,0.4587203860282898,0.4535768818855286,100,overnight,optimistic_alpha005|seed=2026|episodes=20000|max_steps=999|test=100|params=9ab92a10bbfa51f0,2026-07-01T03:54:53-03:00,9673.77,161.229
3faa51cea446,2026-07-01T03:57:22-03:00,6b358d688579,qlearning_overnight_001,55,60,optimistic_alpha005,777,40,40,11,0.05,0.995,1.0,0.1,0.9995,20000,999,92.74495985269786,232.05,100.0,100,100.0,94.35631988920451,0.5538946326178941,181.6,28.817355881482257,148.392,models/q_learning_optimistic_alpha005_seed777_3faa51cea446.pkl,,none,1.0,0.5,5.0,,0.1,92.74495985269786,92.74495985269786,-0.36456640758059755,0.4605112671852112,0.4556427174806595,100,overnight,optimistic_alpha005|seed=777|episodes=20000|max_steps=999|test=100|params=fa9c920fabc993eb,2026-07-01T03:57:22-03:00,9660.039,161.001
93b45b948575,2026-07-01T03:59:28-03:00,6b358d688579,qlearning_overnight_001,56,60,optimistic_alpha015,42,40,40,11,0.15,0.995,1.0,0.1,0.9995,20000,999,92.44207985979439,178.86,100.0,100,100.0,93.41795988046766,0.39342902907823885,158.25,19.782504897004323,125.801,models/q_learning_optimistic_alpha015_seed42_93b45b948575.pkl,,none,1.0,0.5,5.0,,0.1,92.44207985979439,92.44207985979439,-0.3543804215758958,0.4595414400100708,0.45369477093219757,100,overnight,optimistic_alpha015|seed=42|episodes=20000|max_steps=999|test=100|params=2ac5189118039628,2026-07-01T03:59:28-03:00,9622.56,160.376
5ef60b8fda68,2026-07-01T04:01:19-03:00,6b358d688579,qlearning_overnight_001,57,60,optimistic_alpha015,123,40,40,11,0.15,0.995,1.0,0.1,0.9995,20000,999,92.69107985309482,169.69,100.0,100,100.0,93.87075987116934,0.41213424206392973,147.5,10.387011119662866,111.595,models/q_learning_optimistic_alpha015_seed123_5ef60b8fda68.pkl,,none,1.0,0.5,5.0,,0.1,92.69107985309482,92.69107985309482,-0.34112870050695926,0.4592491090297699,0.45504035204648974,100,overnight,optimistic_alpha015|seed=123|episodes=20000|max_steps=999|test=100|params=6e0069612f89d274,2026-07-01T04:01:19-03:00,9571.428,159.524
5621cf21ec34,2026-07-01T04:03:00-03:00,6b358d688579,qlearning_overnight_001,58,60,optimistic_alpha015,999,40,40,11,0.15,0.995,1.0,0.1,0.9995,20000,999,91.54143983869912,182.9,100.0,100,100.0,93.21375989213824,0.48025171980405296,142.6,19.95244345938612,100.606,models/q_learning_optimistic_alpha015_seed999_5621cf21ec34.pkl,,none,1.0,0.5,5.0,,0.1,91.54143983869912,91.54143983869912,-0.3342920227535258,0.4620392322540283,0.45605776101350787,100,overnight,optimistic_alpha015|seed=999|episodes=20000|max_steps=999|test=100|params=6a2ccef7473caa02,2026-07-01T04:03:00-03:00,9510.685,158.511
f07f1697013f,2026-07-01T04:04:59-03:00,6b358d688579,qlearning_overnight_001,59,60,optimistic_alpha015,2026,40,40,11,0.15,0.995,1.0,0.1,0.9995,20000,999,91.78955986123921,164.32,100.0,100,100.0,92.62311987419011,0.5462502306915018,141.03,10.402360309083704,118.304,models/q_learning_optimistic_alpha015_seed2026_f07f1697013f.pkl,,none,1.0,0.5,5.0,,0.1,91.78955986123921,91.78955986123921,-0.2974883305431412,0.45973122119903564,0.4535089534521103,100,overnight,optimistic_alpha015|seed=2026|episodes=20000|max_steps=999|test=100|params=b0810003f9594d78,2026-07-01T04:04:59-03:00,9469.997,157.833
3c1ef17bbde7,2026-07-01T04:07:08-03:00,6b358d688579,qlearning_overnight_001,60,60,optimistic_alpha015,777,40,40,11,0.15,0.995,1.0,0.1,0.9995,20000,999,91.89855985292435,179.21,100.0,100,100.0,91.80095982052924,2.0428856888895064,174.03,41.00523259292648,129.368,models/q_learning_optimistic_alpha015_seed777_3c1ef17bbde7.pkl,,none,1.0,0.5,5.0,,0.1,91.89855985292435,91.89855985292435,-0.32783013612525286,0.4619094133377075,0.45971975415945054,100,overnight,optimistic_alpha015|seed=777|episodes=20000|max_steps=999|test=100|params=948f2664ded34a87,2026-07-01T04:07:08-03:00,9441.775,157.363
